EOS,EOS
Ethereum,ETH
Binance Coin,BNB
Ethereum Classic,ETC
Pundi X,NPXS
Ontology,ONT
TRON,TRX
ICON,ICX
Streamr DATAcoin,DATA
Bitcoin Cash,BCC
Ripple,XRP
Stellar Lumens,XLM
Litecoin,LTC
VeChain,VEN
NEO,NEO
Aeron,ARN
NANO,NANO
Bytecoin,BCN
Skycoin,SKY
MIOTA,IOTA
Cardano,ADA
IoTeX,IOTX
Waves,WAVES
Theta Token,THETA
Enigma,ENG
Wancoin,WAN
IOStoken,IOST
Zilliqa,ZIL
CyberMiles,CMT
0x,ZRX
Nucleus Vision,NCASH
Basic Attention Token,BAT
Gifto,GTO
Status,SNT
Monero,XMR
QuarkChain,QKC
Genesis Vision,GVT
Lunyr,LUN
TrueUSD,TUSD
Dash,DASH
INS Ecosystem,INS
QLINK,QLC
NAV Coin,NAV
ChatCoin,CHAT
Verge,XVG
Bread,BRD
Stratis,STRAT
Storm,STORM
ETHOS,BQX
Substratum,SUB
Hshare,HSR
Eidoo,EDO
Nexus,NXS
Metal,MTL
aelf,ELF
SingularityNET,AGI
Civic,CVC
OmiseGO,OMG
Decentraland,MANA
Loom Network,LOOM
Salt,SALT
Ripio Credit Network,RCN
Siacoin,SC
Walton,WTC
Viberate,VIB
BlockMason Credit Protocol,BCPT
WINGS,WINGS
GXChain,GXS
Aeternity,AE
Qtum,QTUM
YOYOW,YOYO
AirSwap,AST
AION,AION
Po.et,POE
WePower,WPR
NEM,XEM
Nuls,NULS
Time New Bank,TNB
Zcash,ZEC
Etherparty,FUEL
Populous,PPT
Bluzelle,BLZ
ChainLink,LINK
Request Network,REQ
Golem,GNT
Bitcoin Gold,BTG
Lisk,LSK
Neblio,NEBL
Ark,ARK
VIBE,VIBE
POA Network,POA
Quantstamp,QSP
Steem,STEEM
PIVX,PIVX
Triggers,TRIG
SONM,SNM
OST,OST
iExecRLC,RLC
Cindicator,CND
DigixDAO,DGD
NeoGas,GAS
Agrello,DLT
KyberNetwork,KNC
EnjinCoin,ENJ
CloakCoin,CLOAK
Red Pulse,RPX
Syscoin,SYS
PowerLedger,POWR
Moeda Loyalty Points,MDA
Loopring,LRC
Blox,CDT
FunFair,FUN
Bitcoin Diamond,BCD
Modum,MOD
Ambrosus,AMB
Raiden Network Token,RDN
BitShares,BTS
ZenCash,ZEN
ICONOMI,ICN
Komodo,KMD
EthLend,LEND
Augur,REP
SingularDTV,SNGLS
Bancor,BNT
MONACO,MCO
Everex,EVX
AppCoins,APPC
ZCoin,XZC
WaBi,WABI
Groestlcoin,GRS
AdEx,ADX
Monetha,MTH
openANX,OAX
district0x,DNT
Tierion,TNT
Storj,STORJ
Viacoin,VIA