Name,Symbol
Bitcoin,BTC
Ethereum,ETH
Ripple,XRP
BitcoinCash,BCH
EOS,EOS
Litecoin,LTC
Stellar,XLM
Cardano,ADA
IOTA,MIOTA
TRON,TRX
Tether,USDT
NEO,NEO
Dash,DASH
Monero,XMR
BinanceCoin,BNB
NEM,XEM
VeChain,VEN
EthereumClassic,ETC
Ontology,ONT
OmiseGO,OMG
Qtum,QTUM
Zcash,ZEC
ICON,ICX
Bytecoin,BCN
Lisk,LSK
Decred,DCR
Zilliqa,ZIL
Aeternity,AE
BitcoinGold,BTG
Bytom,BTM
0x,ZRX
Siacoin,SC
Verge,XVG
Steem,STEEM
BitShares,BTS
Augur,REP
Nano,NANO
RChain,RHOC
Waves,WAVES
Dogecoin,DOGE
BitcoinDiamond,BCD
Maker,MKR
Wanchain,WAN
BitcoinPrivate,BTCP
Golem,GNT
Stratis,STRAT
Populous,PPT
DigiByte,DGB
Waltonchain,WTC
Status,SNT
Nebulas,NAS
BasicAttenti...,BAT
HuobiToken,HT
Hshare,HSR
IOST,IOST
KuCoinShares,KCS
DigixDAO,DGD
Aion,AION
Loopring,LRC
Komodo,KMD
GXChain,GXS
Bancor,BNT
Ardor,ARDR
Cryptonex,CNX
ReddCoin,RDD
MOAC,MOAC
aelf,ELF
MonaCoin,MONA
MaidSafeCoin,MAID
Ark,ARK
Elastos,ELA
Dentacoin,DCN
PIVX,PIVX
CyberMiles,CMT
Gas,GAS
BiboxToken,BIX
Mithril,MITH
KyberNetwork,KNC
WaykiChain,WICC
Veritaseum,VERI
Fusion,FSN
FunFair,FUN
Syscoin,SYS
Dropil,DROP
Ethos,ETHOS
Cortex,CTXC
QASH,QASH
Scry.info,DDD
Emercoin,EMC
Nxt,NXT
Kin,KIN
LoomNetwork,LOOM
Decentraland,MANA
Substratum,SUB
Nuls,NULS
Enigma,ENG
Factom,FCT
Polymath,POLY
ZCoin,XZC
Dragonchain,DRGN
PowerLedger,POWR
ThetaToken,THETA
Blocknet,BLOCK
BnkToTheFuture,BFT
Docademic,MTC
Storm,STORM
Nexus,NXS
eosDAC,EOSDAC
Electroneum,ETN
Gifto,GTO
ByteballBytes,GBYTE
Paypex,PAYX
Centrality,CENNZ
Monaco,MCO
DeepBrainChain,DBC
ZenCash,ZEN
SmartCash,SMART
Game.com,GTC
Storj,STORJ
ChainLink,LINK
iExecRLC,RLC
Achain,ACT
SALT,SALT
AllSports,SOC
WAX,WAX
Holo,HOT
HighPerforma...,HPB
Revain,R
BitcoinDark,BTCD
MatrixAINet...,MAN
Nexo,NEXO
MediShares,MDS
Iconomi,ICN
Civic,CVC
RequestNetwork,REQ
TenX,PAY
Asch,XAS
Neblio,NEBL
SingularityNET,AGI
SONM,SNM
BitcoinInterest,BCI
TrueUSD,TUSD
NucleusVision,NCASH
TrueChain,TRUE
Bottos,BTO
TimeNewBank,TNB
Ruff,RUFF
Aragon,ANT
Skycoin,SKY
CyberVein,CVT
SantimentNet...,SAN
Arcblock,ABT
Gnosis,GNO
GameCredits,GAME
Cindicator,CND
Dent,DENT
StreamrDATAcoin,DATA
Quantstamp,QSP
Storiqa,STQ
EnjinCoin,ENJ
Bluzelle,BLZ
EDUCare,EKT
Groestlcoin,GRS
Ignis,IGNIS
GenaroNetwork,GNX
Crypterium,CRPT
SmartMesh,SMT
Odyssey,OCN
DigitalNote,XDN
Stakenet,XSN
IHTRealEsta...,IHT
Vertcoin,VTC
DynamicTradi...,DTR
IoTeX,IOTX
Metal,MTL
QuarkChain,QKC
THEKEY,TKY
POANetwork,POA
Pillar,PLR
CRYPTO20,C20
Credits,CS
TokenPay,TPAY
Lympo,LYM
GenesisVision,GVT
BOScoin,BOS
Ambrosus,AMB
ZClassic,ZCL
RaidenNetwor...,RDN
Dai,DAI
Particl,PART
RepublicProt...,REN
NKN,NKN
IoTChain,ITC
Bread,BRD
SIRINLABSToken,SRN
ODEM,ODE
TradeToken,TIO
SophiaTX,SPHTX
Peercoin,PPC
Po.et,POE
Telcoin,TEL
Ubiq,UBQ
BLOCKv,VEE
NavCoin,NAV
EndorProtocol,EDR
JibrelNetwork,JNT
Rock,RKT
OriginTrail,TRAC
DATA,DTA
Cube,AUTO
Ink,INK
Bitcore,BTX
ETHLend,LEND
Apex,CPX
Delphy,DPY
SafeExchange...,SAFEX
Burst,BURST
Edgeless,EDG
Tokenomy,TEN
LitecoinCash,LCC
SpankChain,SPANK
bitCNY,BITCNY
Wagerr,WGR
Eximchain,EXC
APIS,APIS
RedPulse,RPX
Electra,ECA
BridgeCoin,BCO
AdEx,ADX
Eidoo,EDO
DATx,DATX
Primecoin,XPM
Einsteinium,EMC2
BABB,BAX
Linda,LINDA
DAEX,DAX
TokenClub,TCT
Counterparty,XCP
Gulden,NLG
AirSwap,AST
Unobtanium,UNO
NANJCOIN,NANJ
RipioCredit...,RCN
PayPie,PPP
TokenCard,TKN
CloakCoin,CLOAK
Swarm,SWM
Viacoin,VIA
OST,OST
QuantumResis...,QRL
SwftCoin,SWFTC
BitBay,BAY
TomoChain,TOMO
Cryptaur,CPT
SingularDTV,SNGLS
BitRent,RNTB
PACcoin,$PAC
CrowdMachine,CMCT
Ravencoin,RVN
HydroProtocol,HOT
ATN,ATN
SaluS,SLS
Havven,HAV
Zebi,ZCO
MetaverseETP,ETP
district0x,DNT
MediBloc,MED
Zeepin,ZPT
FuzeX,FXT
Spectre.aiDi...,SXDT
CPChain,CPC
KickCoin,KICK
LGOExchange,LGO
INSEcosystem,INS
MinexCoin,MNX
Tierion,TNT
WhiteCoin,XWC
Blox,CDT
LinkEye,LET
Universa,UTNP
Credo,CREDO
LoyalCoin,LYL
PRIZM,PZM
Wings,WINGS
MobileGo,MGO
UTRUST,UTK
WePower,WPR
Modum,MOD
Presearch,PRE
Etherparty,FUEL
AppCoins,APPC
OneRootNetwork,RNT
Dock,DOCK
Aeon,AEON
YEE,YEE
Melon,MLN
InternetNode...,INT
FairCoin,FAIR
DECENT,DCT
Namecoin,NMC
HTMLCOIN,HTML
TaaS,TAAS
GINcoin,GIN
NAGA,NGC
Lunyr,LUN
YOYOW,YOYOW
Datawallet,DXT
ExperiencePo...,XP
LBRYCredits,LBC
WaBi,WABI
Qbao,QBT
ION,ION
Phore,PHR
SteemDollars,SBD
Soarcoin,SOAR
QLINK,QLC
DecentBet,DBET
VIBE,VIBE
ECC,ECC
Maecenas,ART
XinFinNetwork,XDCE
Mothership,MSP
Pura,PURA
Mobius,MOBI
Sentinel,SENT
SelfSell,SSC
COSS,COSS
HiveProject,HVN
Oyster,PRL
Cashaa,CAS
Datum,DAT
ColossusXT,COLX
Envion,EVN
QunQun,QUN
DecisionToken,HST
PeepCoin,PCN
BitcoinGreen,BITG
UNetwork,UUU
Feathercoin,FTC
Medicalchain,MTN
Bankex,BKX
Hexx,HXX
PepeCash,PEPECASH
Shift,SHIFT
PotCoin,POT
Electrify.Asia,ELEC
Proxeus,XES
Primas,PST
FirstBlood,1ST
Viberate,VIB
Banca,BANCA
TrinityNetwo...,TNC
Selfkey,KEY
NoLimitCoin,NLC2
iXledger,IXT
Elastic,XEL
Humaniq,HMQ
Blackmoon,BMC
XTRABYTES,XBY
Polybius,PLBT
Alphacat,ACAT
Zeusshield,ZSC
Refereum,RFR
Peerplays,PPY
Bodhi,BOT
Cobinhood,COB
ALQO,ALQO
Chronobank,TIME
Karma,KRM
BeanCash,BITB
Triggers,TRIG
BlockMasonCr...,BCPT
Fortuna,FOTA
ugChain,UGC
BrahmaOS,BRM
bitUSD,BITUSD
Dimecoin,DIME
ProChain,PRA
Bismuth,BIS
Divi,DIVX
Mercury,MER
HempCoin,THC
Energo,TSL
Synereo,AMP
STK,STK
Propy,PRO
Phantasma,SOUL
Diamond,DMD
CEEKVR,CEEK
DIMCOIN,DIM
LEOcoin,LEO
MedicCoin,MEDIC
Gems,GEM
Neumark,NEU
Grid+,GRID
AuroraDAO,AURA
Switcheo,SWTH
SHIELD,XSH
CasinoCoin,CSC
Cofound.it,CFI
Everex,EVX
DeepOnion,ONION
Quantum,QAU
Neurotoken,NTK
Rialto,XRL
AICHAIN,AIT
RestartEnerg...,MWAT
GridCoin,GRC
BitcoinAtom,BCA
Lamden,TAU
PascalCoin,PASC
UnikoinGold,UKG
SunContract,SNC
OlympusLabs,MOT
SpaceChain,SPC
SilentNotary,SNTR
Nework,NKC
Stox,STX
Crown,CRW
OrmeusCoin,ORME
Remme,REM
LUXCoin,LUX
DADI,DADI
Covesting,COV
BetterBetting,BETR
Monetha,MTH
SakuraBloom,SKB
AIDoctor,AIDOC
Numeraire,NMR
Oxycoin,OXY
LATOKEN,LA
MeasurableDa...,MDT
Mooncoin,MOON
ATMChain,ATM
Cappasity,CAPP
BanyanNetwork,BBN
adToken,ADT
RevolutionVR,RVR
DMarket,DMT
BlackCoin,BLK
UquidCoin,UQC
I/OCoin,IOC
MoedaLoyalty...,MDA
MonetaryUnit,MUE
Agrello,DLT
DubaiCoin,DBIX
Bloom,BLT
Aeron,ARN
Omni,OMNI
Boolberry,BBR
TE-FOOD,TFD
carVertical,CV
Friendz,FDZ
OAX,OAX
Blocktix,TIX
SentinelChain,SENC
Matchpool,GUP
CallistoNetwork,CLO
StrongHands,SHND
Blockport,BPT
Rubycoin,RBY
SolarCoin,SLR
FlorinCoin,FLO
EchoLink,EKO
Radium,RADS
SwissBorg,CHSB
TheAbyss,ABYSS
CoinPoker,CHP
MorpheusNetwork,MORPH
E-DinarCoin,EDR
Flash,FLASH
indaHash,IDH
GlobalCurren...,GCR
HiMutualSoc...,HMC
Etheroll,DICE
Smartlands,SLT
MARK.SPACE,MRK
PikcioChain,PKC
NebulaAI,NBAI
UpToken,UP
DAOstack,GEN
Bezop,BEZ
LockTrip,LOC
Everus,EVR
EXRNchain,EXRN
PolicyPalNet...,PAL
Incent,INCNT
Expanse,EXP
Clams,CLAM
Hacken,HKN
NewYorkCoin,NYC
Rivetz,RVT
CVCoin,CVCOIN
Polis,POLIS
HeroNode,HER
Myriad,XMY
InvestFeed,IFT
Loki,LOKI
Hydrogen,HYDRO
REBL,REBL
Databits,DTB
ShipChain,SHIP
HubiiNetwork,HBT
Unibright,UBT
LIFE,LIFE
DomRaider,DRT
RussianMiner...,RMC
LoMoCoin,LMC
ICOS,ICOS
aXpire,AXP
LatiumX,LATX
NeosCoin,NEOS
VeriCoin,VRC
Ecobit,ECOB
BitDegree,BDG
AirToken,AIR
Aphelion,APH
GETProtocol,GET
LALAWorld,LALA
SIBCoin,SIB
BitSend,BSD
HollyWoodCoin,HWC
Sprouts,SPRTS
DeviantCoin,DEV
Graft,GRFT
Dynamic,DYN
FluzFluz,FLUZ
Zippie,ZIPT
Pirl,PIRL
InsurePal,IPL
NaPoleonX,NPX
NimiqExchang...,NET
Bulwark,BWK
Pandacoin,PND
ParetoNetwork,PARETO
GoByte,GBX
CommerceBlock,CBT
Nexium,NXC
Novacoin,NVC
XPA,XPA
Musicoin,MUSIC
ShareX,SEXC
PolySwarm,NCT
Spectrecoin,XSPEC
Espers,ESP
BitClave,CAT
DigitexFutures,DGTX
Matryx,MTX
Zap,ZAP
Effect.AI,EFX
Aventus,AVT
Elixir,ELIX
CargoX,CXO
OKCash,OK
Sharder,SS
FoldingCoin,FLDC
Flixxo,FLIXX
Stealth,XST
AurumCoin,AU
HelloGold,HGT
Playkey,PKT
BitTube,TUBE
Spectiv,SIG
REAL,REAL
Xaurum,XAUR
Change,CAG
Helbiz,HBZ
SwarmCity,SWT
adbank,ADB
Golos,GOLOS
PinkCoin,PINK
Leverj,LEV
Gambit,GAM
MktCoin,MLM
Lendingblock,LND
Debitum,DEB
WavesCommuni...,WCT
CanYaCoin,CAN
EncrypGen,DNA
AdHive,ADH
TargetCoin,TGT
IDEXMembership,IDXM
CoinFi,COFI
InkProtocol,XNK
Eroscoin,ERO
Dotcoin,DOT
Solaris,XLR
Bounty0x,BNTY
Mintcoin,MINT
Hedge,HDG
Rentberry,BERRY
ALIS,ALIS
HEAT,HEAT
APRCoin,APR
Stipend,SPD
Dero,DERO
MorpheusLabs,MITX
LocalWorldF...,LWF
AdShares,ADST
Patientory,PTOY
Paragon,PRG
GladiusToken,GLA
BlueProtocol,BLUE
Sequence,SEQ
Peculium,PCL
Privatix,PRIX
AidCoin,AID
LinkerCoin,LNC
BioCoin,BIO
WeTrust,TRST
ATBCoin,ATB
DAO.Casino,BET
Dether,DTH
CircuitsofV...,COVAL
Faceter,FACE
Atmos,ATMOS
Mysterium,MYST
Zilla,ZLA
APX,APX
0xBitcoin,0xBTC
Curecoin,CURE
Worldcore,WRC
B2BX,B2B
ColuLocalNe...,CLN
Energycoin,ENRG
Leadcoin,LDC
Fidelium,FID
Dovu,DOVU
Snovio,SNOV
BeeToken,BEE
Pluton,PLU
PrimalbaseToken,PBT
ClearPoll,POLL
Bitcrystals,BCY
Zoin,ZOI
TrueFlip,TFL
MaxCoin,MAX
NPER,NPER
Zeitcoin,ZEIT
Aditus,ADI
ToaCoin,TOA
FedoraCoin,TIPS
BlockArray,ARY
ZrCoin,ZRC
Sether,SETH
Devery,EVE
Sphere,SPHR
IPExchange,IPSX
Auroracoin,AUR
Syndicate,SYNX
EZToken,EZT
Travala,AVA
Yocoin,YOC
SportyCo,SPF
ArtByte,ABY
OysterShell,SHL
MyBitToken,MYB
GoldCoin,GLD
ProfileUtili...,PUT
Kore,KORE
Travelflex,TRF
VeriME,VME
MonkeyProject,MONK
Denarius,DNR
2GIVE,2GIVE
JET8,J8T
GlobalCrypto...,GCC
ViceIndustry...,VIT
Internxt,INXT
TransferCoin,TX
Auctus,AUC
Experty,EXY
HEROcoin,PLAY
Monoeci,XMCC
HOQU,HQX
BreakoutStake,BRX
ATLANT,ATL
InsightsNetwork,INSTAR
BitcoinZ,BTCZ
FidentiaX,FDX
Payfair,PFR
BitcoinPlus,XBC
Pesetacoin,PTC
AMLT,AMLT
InternetofP...,IOP
B3Coin,KB3
BitStation,BSTN
HyperStake,HYP
HavenProtocol,XHV
Sense,SENSE
FintruXNetwork,FTX
Interstellar...,HOLD
Bigbom,BBO
GeoCoin,GEO
Hurify,HUR
Starbase,STAR
EuropeCoin,ERC
UniversalCur...,UNIT
EducationEco...,LEDU
Iungo,ING
Qwark,QWARK
SocialSend,SEND
FundRequest,FND
DopeCoin,DOPE
Neutron,NTRN
SpreadCoin,SPR
Tokes,TKS
Spectre.aiUt...,SXUT
Upfiring,UFR
BuzzCoin,BUZZ
Rupaya,RUPX
Invacio,INV
DigiPulse,DGPT
LOCIcoin,LOCI
Tokia,TKA
NuBits,USNBT
Sumokoin,SUMO
CryptoPing,PING
Gatcoin,GAT
Karbo,KRB
Masari,MSR
ExclusiveCoin,EXCL
Voise,VOISE
OpenTrading...,OTN
Riecoin,RIC
Cryptopay,CPAY
Tokenbox,TBX
Sharechain,SSS
Altcoin,ALT
Parkgene,GENE
Publica,PBL
VeriumReserve,VRM
Capricoin,CPC
Viuly,VIU
Lampix,PIX
MyWish,WISH
Nullex,NLX
BlockCAT,CAT
eBoost,EBST
Hush,HUSH
Crave,CRAVE
FlypMe,FYP
Breakout,BRK
IndorseToken,IND
Memetic/Pep...,MEME
Daneel,DAN
BunnyCoin,BUN
BlueCoin,BLU
Bonpay,BON
CampusCoin,CMPCO
Ixcoin,IXC
Galactrum,ORE
Vezt,VZT
MaverickChain,MVC
MagicCoin,MAGE
StarterCoin,STAC
Autonio,NIO
CannabisCoin,CANN
Elite,1337
vTorrent,VTR
Sexcoin,SXC
SyncFab,MFG
FORCE,FOR
COPYTRACK,CPY
Pure,PURE
Naviaddress,NAVI
Bitmark,BTM
RussiaCoin,RC
XGOX,XGOX
Terracoin,TRC
RefToken,REF
1World,1WO
Chainium,CHX
Zero,ZER
Verify,CRED
BlitzPredict,XBP
PylonNetwork,PYLNT
Tracto,TRCT
GCNCoin,GCN
EverGreenCoin,EGC
BiblePay,BBP
FirstCoin,FRST
Coinlancer,CL
AudioCoin,ADC
Creditbit,CRB
Aigang,AIX
onG.social,ONG
SugarExchange,SGR
LiteDoge,LDOGE
Ace,ACE
Xenon,XNN
WandX,WAND
ChainCoin,CHC
Stellite,XTL
DigitalPrice,DP
TokenStars,TEAM
STRAKS,STAK
Obsidian,ODN
HunterCoin,HUC
Ergo,EFYT
TrakInvest,TRAK
GoldMint,MNTP
Ignition,IC
Condensate,RAIN
TrustPlus,TRUST
Creativecoin,CREA
TrezarCoin,TZC
Magi,XMG
Biotron,BTRN
HireMatch,HIRE
I0Coin,I0C
Bytecent,BYC
FabricToken,FT
e-Gulden,EFL
MicroMoney,AMM
Fantomcoin,FCN
Version,V
BoutsPro,BOUTS
SignalsNetwork,SGN
BitWhite,BTW
Argentum,ARG
Hat.Exchange,HAT
IntenseCoin,ITNS
Photon,PHO
TokenDesk,TDS
SkinCoin,SKIN
JesusCoin,JC
Magnet,MAG
Soma,SCT
NEVERDIE,NDC
Bitswift,SWIFT
Miners'Rewar...,MRT
WeAreSatoshi,WSX
LiveStars,LIVE
VIVO,VIVO
eBitcoin,EBTC
MonsterByte,MBI
42-coin,42
Adzcoin,ADZ
Chronologic,DAY
PopularCoin,POP
808Coin,808
Digitalcoin,DGC
Origami,ORI
CommodityAd...,CDX
UnitedCrypto...,UCOM
EtherSportz,ESZ
TidexToken,TDX
Ellaism,ELLA
Bitzeny,ZNY
EBCH,EBCH
Authorship,ATS
Blocklancer,LNC
ConnectJob,CJT
Unitus,UIS
DatariusCredit,DTRC
Renos,RNS
Shekel,JEW
Transcodium,TNS
EventChain,EVC
Nitro,NOX
DraftCoin,DFT
Numus,NMS
EarthToken,EARTH
bitJob,STU
Farad,FRD
CryCash,CRC
LegendsRoom,LGD
Qvolta,QVT
UnbreakableCoin,UNB
SagaCoin,SAGA
DeutscheeMark,DEM
Megacoin,MEC
Tigereum,TIG
FundYourselfNow,FYN
DixAsset,DIX
Innova,INN
Linx,LINX
Unify,UNIFY
Onix,ONX
Plancoin,PLAN
MAZA,MAZA
Kolion,KLN
InPay,INPAY
Dinastycoin,DCY
Zetacoin,ZET
WildCrypto,WILD
AdvancedTech...,ARC
Vulcano,VULC
Emphy,EPY
Elcoin,EL
Zilbercoin,ZBC
PetroDollar,XPD
StarCredits,STRC
EquiTrader,EQT
Cryptonite,XCN
QubitCoin,Q2C
Jiyo,JIYO
Suretly,SUR
MCAP,MCAP
FujiCoin,FJC
Bata,BTA
iTicoin,ITI
DeusCoin,DEUS
Equal,EQL
ELTCOIN,ELTCOIN
Bitradio,BRO
DigitalMoney...,DMB
BigUp,BIGUP
GreenMed,GRMD
Bitdeal,BDL
InsaneCoin,INSN
Jetcoin,JET
Guncoin,GUN
Truckcoin,TRK
RouletteToken,RLT
Phoenixcoin,PXC
Fitrova,FRV
Veros,VRS
PiplCoin,PIPL
Cream,CRM
ArbitrageCT,ARCT
MaoZedong,MAO
BriaCoin,BRIA
ProCurrency,PROC
Qbic,QBIC
Minereum,MNE
IntelligentT...,ITT
SuperCoin,SUPER
WhaleCoin,WHL
BitBar,BTB
Bitsum,BSM
Bitstar,BITS
Rimbit,RBT
Cashcoin,CASH
Dashcoin,DSH
Centurion,CNT
iEthereum,IETH
Leviar,XLC
Bitair,BTCA
Aricoin,ARI
KuberaCoin,KBR
AdCoin,ACC
WCOIN,WIN
LitecoinPlus,LCP
UltraCoin,UTC
CryptoCarbon,CCRB
Golfcoin,GOLF
AcceleratorN...,ACC
CrystalClear,CCT
Pakcoin,PAK
CannaCoin,CCN
CrowdCoin,CRC
Cryptojacks,CJ
TOKYO,TOKC
Octanox,OTX
ERC20,ERC20
EthBet,EBET
PostCoin,POST
Coin2.1,C2
LeaCoin,LEA
RevolverCoin,XRE
Escroco,ESC
Coin(O),CNO
OPCoin,OPC
OctoinCoin,OCC
StarCashNetwork,STARS
EagleCoin,EAGLE
RonPaulCoin,RPC
SteneumCoin,STN
Tokugawa,TOK
ChanCoin,CHAN
AmmoReloaded,AMMO
BitcoinFast,BCF
X-Coin,XCO
CoinonatX,XCXT
SpeedCash,SCS
Desire,DSR
PayCon,CON
Eryllium,ERY
Peerguess,GUESS
HighVoltage,HVCO
Fujinto,NTO
Money,$$$
VapersCoin,VPRC
LiteBitcoin,LBTC
VirtaUnique...,VUC
BitCoal,COAL
HealthyWormCoin,WORM
Cabbage,CAB
Kronecoin,KRONE
ExchangeN,EXN
Asiadigicoin,ADCN
Coupecoin,COUPE
RoyalKingdom...,RKC
WomenCoin,WOMEN
ArtexCoin,ATX
CrevaCoin,CREVA
HarmonyCoin,HMC
POLYAI,AI
FuturXe,FXE
Mixin,XIN
DEW,DEW
OracleChain,OCT
Lykke,LKK
Tao,XTO
bitqy,BQ
MUSE,MUSE
SureRemit,RMT
Rise,RISE
TheChampCoin,TCC
GuaranteedEt...,GETX
SRCOIN,SRCOIN
KiloCoin,KLC
U.CASH,UCASH
BitConnect,BCC
AsiaCoin,AC
CHIPS,CHIPS
OBITS,OBITS
Astro,ASTRO
HackspaceCap...,HAC
BitDice,CSNO
SharpePlatfo...,SHP
E-coin,ECN
LuckChain,BASH
PoSWCoin,POSW
Goodomy,GOOD
Starta,STA
Opus,OPT
Sociall,SCL
vSlice,VSL
Bitcloud,BTDX
Blockpool,BPL
Ethorse,HORSE
HiCoin,XHI
Carboncoin,CARBON
PHIToken,PHI
Quark,QRK
Ties.DB,TIE
Bullion,CBX
Zephyr,ZEPH
Vsync,VSX
UniformFisca...,UFO
TeslaCoin,TES
imbrex,REX
EncryptoTel[...,ETT
Anoncoin,ANC
Kobocoin,KOBO
Ethbits,ETBS
BelugaPay,BBI
IncaKoin,NKA
TheCypherfunks,FUNK
PutinCoin,PUT
NuShares,NSR
CanadaeCoin,CDN
Darcrus,DAR
NobleCoin,NOBL
SmileyCoin,SMLY
SovereignHero,HERO
Orbitcoin,ORB
PlatinumBAR,XPTX
MercuryProtocol,GMT
SpeedMining...,SMS
EthereumMovi...,EMV
WorldCoin,WDC
KekCoin,KEK
MarteXcoin,MXT
Musiconomi,MCI
Universe,UNI
Woodcoin,LOG
Etheriya,RIYA
Bowhead,AHT
Machinecoin,MAC
FLiK,FLIK
InflationCoin,IFLT
Masternodecoin,MTNC
NetCoin,NET
FantasyCash,FANS
Aerium,AERM
Embers,MBRS
UniCoin,UNIC
FlutterCoin,FLT
Trollcoin,TROLL
Zennies,ZENI
MetalCoin,METAL
HoboNickels,HBN
Moin,MOIN
Piggycoin,PIGGY
Oceanlab,OCL
LanaCoin,LANA
bitSilver,BITSILVER
Fastcoin,FST
DCORPUtility,DRPU
Skeincoin,SKC
GrowersInter...,GRWI
ShadowCash,SDC
BTCtalkcoin,TALK
Startcoin,START
Netko,NETKO
BritCoin,BRIT
BitcoinScrypt,BTCS
Halcyon,HAL
AquariusCoin,ARCO
bitBTC,BITBTC
EthereumCash,ECASH
BillionaireT...,XBL
Elementrem,ELE
Bit20,BTWTY
TrumpCoin,TRUMP
Happycoin,HPC
Nyancoin,NYAN
TittieCoin,TTC
Joulecoin,XJO
Triangles,TRI
Opal,OPAL
Synergy,SNRG
Bitgem,BTG
TagCoin,TAG
VoteCoin,VOT
Motocoin,MOTO
BlazeCoin,BLZ
Regalcoin,REC
ICOOpenLedger,ICOO
bitGold,BITGOLD
TEKcoin,TEK
HOdlcoin,HODL
Tigercoin,TGC
CryptoInsight,TKR
Manna,MANNA
Blakecoin,BLC
Newbium,NEWB
PayCoin,XPY
GlobalCoin,GLC
DaxxCoin,DAXX
ChessCoin,CHESS
Tattoocoin(S...,TSE
Bitcurrency,BTCR
Impact,IMX
CarTaxiToken,CTX
SmartCoin,SMC
Marscoin,MARS
Senderon,SDRN
IrishCoin,IRL
KushCoin,KUSH
EvilCoin,EVIL
AdvancedInte...,AIB
BitcoinRed,BTCRED
Rubies,RBIES
Sterlingcoin,SLG
AtomicCoin,ATOM
PureVidz,VIDZ
DROXNE,DRXNE
EthereumGold,ETG
Prototanium,PR
WavesGo,WGO
Gapcoin,GAP
SafeTradeCoin,XSTC
UltimateSecu...,USC
MojoCoin,MOJO
Mineum,MNM
ParallelCoin,DUO
GlobalBoost-Y,BSTY
LiteBar,LTB
Ratecoin,XRA
SecureCoin,SRC
Bitz,BITZ
8Bit,8BIT
SpaceCoin,SPACE
PhilosopherS...,PHS
Phantomx,PNX
GoldBlocks,GB
BERNcash,BERN
Helleniccoin,HNC
DigiCube,CUBE
Joincoin,J
Crypto,CTO
C-Bit,XCT
Virtacoin,VTA
Titcoin,TIT
Kurrent,KURT
Datacoin,DTC
Nekonium,NUKO
300Token,300
EmeraldCrypto,EMD
Darsek,KED
Granite,GRN
IslaCoin,ISL
DigitalDevelo...,DDF
PascalLite,PASL
bitEUR,BITEUR
iCoin,ICN
Bolivarcoin,BOLI
OctoCoin,888
BumbaCoin,BUMBA
NevaCoin,NEVA
Firecoin,FIRE
Sativacoin,STV
SatoshiMadness,MAD
PlusCoin,PLC
Swing,SWING
Garlicoin,GRLC
Influxcoin,INFX
TheresaMayCoin,MAY
MustangCoin,MST
Ccore,CCO
Freicoin,FRC
GameUnits,UNITS
GlobalToken,GLT
Quebecoin,QBC
Acoin,ACOIN
ZoZoCoin,ZZC
ParkByte,PKB
Debitcoin,DBTC
Mincoin,MNC
RedCoin,RED
QuazarCoin,QCN
SecretCoin,SCRT
JinCoin,JIN
Quatloo,QTL
Signatum,SIGT
SixEleven,611
Scorecoin,SCORE
Grimcoin,GRIM
Polcoin,PLC
Prime-XI,PXI
BoostCoin,BOST
PX,PX
Catcoin,CAT
YENTEN,YTN
TajCoin,TAJ
AmsterdamCoin,AMS
Bankcoin,B@
Eternity,ENT
EcoCoin,ECO
SOILcoin,SOIL
Zurcoin,ZUR
BOAT,BOAT
Solarflarecoin,SFC
NetworkToken,NTWK
Beatcoin,XBTS
Dalecoin,DALC
GlobalTourCoin,GTC
MACRON,MCRN
Neuro,NRO
Eurocoin,EUC
Visio,VISIO
EthereumDark,ETHD
SoonCoin,SOON
BitcoinPlanet,BTPL
Abjcoin,ABJ
HomeBlockCoin,HBC
DigitalRupees,DRS
BitQuark,BTQ
GoldPieces,GP
FUNCoin,FUNC
CompuCoin,CPN
Allion,ALL
BROTHER,BRAT
Dollarcoin,DLC
PioneerCoin,PCOIN
Bitcoin21,XBTC21
Elysium,ELS
BenjiRolls,BENJI
Californium,CF
MetalMusicCoin,MTLMC3
UselessEther...,UET
CacheCoin,CACH
BipCoin,BIP
Comet,CMT
Honey,HONEY
SongCoin,SONG
JobsCoin,JOBS
Marijuanacoin,MAR
FuzzBalls,FUZZ
ShadowToken,SHDW
MindCoin,MND
BitAsean,BAS
PoSToken,POS
TridentGroup,TRDT
Bolenum,BLN
Coinonat,CXT
Flaxscript,FLAX
GoldPressed...,GPL
Iconic,ICON
ZetaMicron,ZMC
GuccioneCoin,GCC
JavaScriptToken,JS
ICOBID,ICOB
BnrtxCoin,BNX
Roofs,ROOFS
Jewels,JWL
LunaCoin,LUNA
MasterSwiscoin,MSCN
Veltor,VLT
AllSafe,ASAFE2
PonziCoin,PONZI
Slevin,SLEVIN
Creatio,XCRE
GeertCoin,GEERT
ARbit,ARB
IndependentM...,IMS
CredenceCoin,CRDNC
Litecred,LTCR
Dreamcoin,DRM
PIECoin,PIE
Zayedcoin,ZYD
KingNCoin,KNC
ImpulseCoin,IMPS
GeyserCoin,GSR
Interzone,ITZ
VectorAI,VEC2
MiloCoin,MILO
GlassCoin,GLS
LiteCoinUltra,LTCU
LetItRide,LIR
Cannation,CNNC
Destiny,DES
PLNcoin,PLNC
AnarchistsPrime,ACP
PlayerCoin,PLACO
PosEx,PEX
PRCoin,PRC
Argus,ARGUS
Bitvolt,VOLT
WildBeastBlock,WBB
DollarOnline,DOLLAR
SaveandGain,SANDG
BowsCoin,BSC
iBank,IBANK
Rawcoin,XRC
SocialCoin,SOCC
Coimatic2.0,CTIC2
BioBar,BIOB
Coimatic3.0,CTIC3
Concoin,CONX
VaultCoin,VLTC
Project-X,NANOX
Magnum,MGM
Ulatech,ULA
LevoPlus,LVPS
TristarCoin,TSTR
CKUSD,CKUSD
Penta,PNT
ATMCoin,ATMC
ContentandA...,CAN
ContentNeutr...,CNN
PundiX,NPXS
ZIP,ZIP
TrustNote,TTT
Seele,SEELE
SkrumbleNetwork,SKM
SuperGameChain,SGCC
Kcash,KCASH
SentinelProt...,UPP
TRAXIA,TMT
OFCOIN,OF
LibraCredit,LBA
AcuteAngleC...,AAC
InsurChain,INSUR
Tripio,TRIO
Bezant,BZNT
InfinityEcon...,XIN
OpenPlatform,OPEN
EduCoin,EDU
GoChain,GO
CoinMeet,MEET
PCHAIN,PAI
OceanChain,OC
Show,SHOW
Cybereits,CRE
RealChain,RCT
RED,RED
FairGame,FAIR
StarChain,STC
UnlimitedIP,UIP
GlobalSocial...,GSC
FuturoCoin,FTO
MolecularFuture,MOF
SuperBitcoin,SBTC
Engine,EGCC
NoahCoin,NOAH
IPChain,IPC
LightningBit...,LBTC
IntelligentI...,IIC
Tezos(Pre-La...,XTZ
Maggie,MAG
XMax,XMX
Smartshare,SSP
Nexty,NTY
Couchain,COU
InfluenceChain,INC
MyToken,MT
Filecoin[Fut...,FIL
Loopring[NEO],LRN
UnitedBitcoin,UBTC
ChatCoin,CHAT
TopChain,TOPC
BitcoinX,BCX
Freyrchain,FREC
HalalChain,HLC
EJOY,EJOY
LevelUpCoin,LUC
WINCOIN,WC
ElectronicPK...,EPC
AnimationVis...,AVH
StockChain,SCC
DragonCoins,DRG
Shivom,OMX
Dignity,DIG
AidosKuneen,ADK
WETH,WETH
Rublix,RBLX
Read,READ
Fargocoin,FRGC
CFun,CFUN
KEY,KEY
LightChain,LIGHT
PixieCoin,PXC
ValueChain,VLC
TraDoveB2BCoin,BBC
Dascoin,DASC
EtherZero,ETZ
Bankera,BNK
ExchangeUnion,XUC
StarCoin,KST
SalPay,SAL
CashBetCoin,CBC
MEDX,MEDX
Patron,PAT
iQuant,IQT
SphreAIR,XID
CGCToken,CGC
MoneroClassic,XMC
Rhenium,XRH
Etherecash,ECH
MIRQ,MRQ
COMSA[ETH],CMS
Nectar,NEC
Paymon,PMNT
Ivy,IVY
MSD,MSD
Cazcoin,CAZ
XYONetwork,XYO
UnitedTrader...,UTT
SnipCoin,SNIP
SegWit2x,B2X
SPINDLE,SPD
COMSA[XEM],CMS
Consensus,SEN
REPO,REPO
Powercoin,PWR
Qube,QUBE
AC3,AC3
CryptopiaFeeS...,CEFS
BlockCDN,BCDN
Amon,AMN
BlockMesh,BMH
MoneroOriginal,XMO
CurriculumVitae,CVH
DigixGoldToken,DGX
Animecoin,ANI
Decentralized...,DML
Shopin,SHOP
Swisscoin,SIC
Arbitracoin,ATC
Infinitecoin,IFC
VipstarCoin,VIPS
PabyosiCoin...,PCS
Hero,HERO
Cloud,CLD
Cropcoin,CROP
GolosGold,GBG
EmberCoin,EMB
TerraNova,TER
ZenGold,ZENGOLD
BitcoinGod,GOD
ClubCoin,CLUB
ZSEcoin,ZSE
Budbo,BUBO
Indicoin,INDI
ContractNet,CNET
InternetofT...,XOT
FirstBitcoin...,BITCF
HyperPay,HPY
PresidentJoh...,GARY
TeslaCoilCoin,TESLA
PresidentTrump,PRES
LendroidSupp...,LST
WASpace,WA
StrikeBitClub,SBC
EDRCoin,EDRC
Bela,BELA
CORION,COR
BitSoar,BSR
Sparks,SPK
XTDCoin,XTD
Slothcoin,SLOTH
W3Coin,W3C
BigONEToken,BIG
Wink,WINK
Alphabit,ABC
Utrum,OOT
BlazerCoin,BLAZR
KlondikeCoin,KDC
SISA,SISA
DynamicCoin,DMC
Magnetcoin,MAGN
Minex,MINEX
CryptCoin,CRYPT
MarxCoin,MARX
GrandCoin,GDC
BT2[CST],BT2
NumusCash,NUMUS
ERA,ERA
FirstBitcoin,BIT
SIGMAcoin,SIGMA
BankCoin,BANK
SJWCoin,SJW
Rupee,RUP
NamoCoin,NAMO
HarvestMaste...,HC
Royalties,XRY
HODLBucks,HDLB
T-coin,TCOIN
SuperiorCoin,SUP
Aces,ACES
Runners,RUNNERS
Cubits,QBT
UR,UR
WiCoin,WIC
Francs,FRN
SHACoin,SHA
Huncoin,HNC
Levocoin,LEVO
TopCoin,TOP
LandCoin,LDCN
Bastonet,BSN
Donationcoin,DON
AkuyaCoin,AKY
GoldMaxCoin,GMX
Sakuracoin,SKR
Aseancoin,ASN
Cyder,CYDER
GOLDRewardT...,GRX
CoffeeCoin,CFC
Tellurion,TELL
EtherDeltaToken,EDT
SONO,SONO
STEX,STEX
TurboCoin,TURBO
Bitbase,BTBc
EthereumLite,ELITE
Birds,BIRDS
PrismChain,PRM
EACoin,EAG
Bubble,BUB
Qora,QORA
StorjcoinX,SJCX
SuperNET,UNITY
UniversalRoya...,UNRC
UNCoin,UNC
Regacoin,REGA
PROUDMoney,PROUD
BTCMoon,BTCM
Cheapcoin,CHEAP
Hyper,HYPER
AvatarCoin,AV
Avoncoin,ACN
NEOGOLD,NEOG
Quotient,XQN
Antimatter,ANTX
Axiom,AXIOM
BetaCoin,BET
DutchCoin,DUTCH
EggCoin,EGG
CyclingCoin,CYC
Protean,PRN
Omicron,OMC
X2,X2
HalloweenCoin,HALLO
Smoke,SMOKE
UGAIN,GAIN
Tattoocoin(L...,TLE
BitSerial,BTE
Bitok,BITOK
RabbitCoin,RBBT
ShellCoin,SHELL
RichCoin,RICHX
Rcoin,RCN
HighGain,HIGH
Sharkcoin,SAK
PirateBlocks,SKULL
FAPcoin,FAP
PlexCoin,PLX
Madcoin,MDC
GameChainSystem,GCS
ACChain,ACC
Vcash,XVC
CryptoWorldX...,CWXT
ENTCash,ENT
JingtumTech,SWTC
InvestDigital,IDT
PressOne,PRS
Candy,CANDY
Aston,ATX
